{"cameraMode":{"drawMode":0,"name":"Shaded","section":"Shading Mode"},"sceneLighting":true,"audioPlay":false,"sceneViewState":{"showFog":true,"showMaterialUpdate":false,"showSkybox":true,"showFlares":true,"showImageEffects":true,"showParticleSystems":true},"in2DMode":false,"pivot":{"x":301.4077453613281,"y":241.70028686523438,"z":1.008209228515625},"rotation":{"x":0.00868937186896801,"y":0.0020961298141628505,"z":0.00001796582728275098,"w":-0.9999600648880005},"size":480.334228515625,"orthographic":false}