{"cameraMode":{"drawMode":0,"name":"Shaded","section":"Shading Mode"},"sceneLighting":false,"audioPlay":false,"sceneViewState":{"showFog":true,"showMaterialUpdate":false,"showSkybox":true,"showFlares":true,"showImageEffects":true,"showParticleSystems":true},"in2DMode":false,"pivot":{"x":350.794677734375,"y":266.88787841796877,"z":2.39813232421875},"rotation":{"x":-0.02580447681248188,"y":0.015590415336191655,"z":-0.000402729376219213,"w":-0.9995453953742981},"size":671.458984375,"orthographic":false}