{"cameraMode":{"drawMode":0,"name":"Shaded","section":"Shading Mode"},"sceneLighting":false,"audioPlay":false,"sceneViewState":{"showFog":true,"showMaterialUpdate":false,"showSkybox":true,"showFlares":true,"showImageEffects":true,"showParticleSystems":true},"in2DMode":false,"pivot":{"x":29.381572723388673,"y":203.85096740722657,"z":-10.88589859008789},"rotation":{"x":-0.02580447681248188,"y":0.015590415336191655,"z":-0.000402729376219213,"w":-0.9995453953742981},"size":55.633724212646487,"orthographic":false}