{"cameraMode":{"drawMode":0,"name":"Shaded","section":"Shading Mode"},"sceneLighting":false,"audioPlay":false,"sceneViewState":{"showFog":true,"showMaterialUpdate":false,"showSkybox":true,"showFlares":true,"showImageEffects":true,"showParticleSystems":true},"in2DMode":false,"pivot":{"x":-3.164950370788574,"y":200.41624450683595,"z":3.6446685791015627},"rotation":{"x":-0.024307729676365854,"y":-0.0054021659307181839,"z":0.00013112352462485433,"w":-0.9996899962425232},"size":40.12752914428711,"orthographic":false}