{"cameraMode":{"drawMode":0,"name":"Shaded","section":"Shading Mode"},"sceneLighting":false,"audioPlay":false,"sceneViewState":{"showFog":true,"showMaterialUpdate":false,"showSkybox":true,"showFlares":true,"showImageEffects":true,"showParticleSystems":true},"in2DMode":false,"pivot":{"x":241.63430786132813,"y":177.0369873046875,"z":-0.1400146484375},"rotation":{"x":-0.024307729676365854,"y":-0.0054021659307181839,"z":0.00013112352462485433,"w":-0.9996899962425232},"size":403.2355041503906,"orthographic":false}