{"cameraMode":{"drawMode":0,"name":"Shaded","section":"Shading Mode"},"sceneLighting":true,"audioPlay":false,"sceneViewState":{"showFog":true,"showMaterialUpdate":false,"showSkybox":true,"showFlares":true,"showImageEffects":true,"showParticleSystems":true},"in2DMode":false,"pivot":{"x":-1.913900375366211,"y":0.3484766483306885,"z":-0.8612847328186035},"rotation":{"x":-0.07159809023141861,"y":0.9197407364845276,"z":-0.19922272861003877,"w":-0.33054664731025698},"size":6.676191806793213,"orthographic":false}