{"cameraMode":{"drawMode":0,"name":"Shaded","section":"Shading Mode"},"sceneLighting":false,"audioPlay":false,"sceneViewState":{"showFog":true,"showMaterialUpdate":false,"showSkybox":true,"showFlares":true,"showImageEffects":true,"showParticleSystems":true},"in2DMode":false,"pivot":{"x":216.53504943847657,"y":288.13238525390627,"z":-273.5439758300781},"rotation":{"x":-0.019741009920835496,"y":-0.08329178392887116,"z":0.0016498983604833484,"w":-0.9963282942771912},"size":23.85102081298828,"orthographic":false}